dataset,n,p,density,GapSafe,Hessian,Working,EDPP
cadata,20640,8,1,1.5690640834999998,0.1810602235,1.3789978509999998,1.4017973325
e2006-log1p,16087,4272227,0.0014074729668371701,13449.702761252,265.46194904649997,273.2208614941667,1110.201769366
e2006-tfidf,16087,150360,0.00825643866543507,570.2282045805,29.086800095666664,67.5627655775,354.3458613325
YearPredMSD,463715,90,1,197.85896095966666,48.08897400266667,165.8328959605,141.984489403
