dataset,n,p,density,GapSafe,Hessian,Working,EDPP
cadata,20640,8,1,0.8937849210000001,0.108660804,0.7447210289999999,0.824475787
e2006-log1p,16087,4272227,0.0014074729668371701,6207.1968385850005,169.522078924,173.070112985,719.031923577
e2006-tfidf,16087,150360,0.00825643866543507,267.334308265,18.149307113,24.767160316,137.680711175
YearPredMSD,463715,90,1,90.77882285199999,24.465614601,73.712256729,68.880850935
