dataset,n,p,density,blitz,celer,Hessian,Working
arcene,100,10000,0.540941,4.189557017,18.7458707035,1.6489656890000002,1.5111451114999999
colon-cancer,62,2000,1,0.17408490050000003,0.41006815810294117,0.0516486575,0.081511099
duke-breast-cancer,44,7129,1,0.39849137733333334,0.6244690988,0.1161396975,0.118677591
