dataset,n,p,density,GapSafe,Hessian,Working,EDPP
arcene,100,10000,0.540941,10.6306098395,7.708242607,7.247058484,NA
colon-cancer,62,2000,1,0.45982807449999996,0.187109441,0.368135804,NA
ijcnn1,35000,22,1,34.51226788581818,12.316793135000001,36.1095715505,NA
leukemia,38,7129,1,246.90324161349997,96.100692232,81.3902748115,NA
madelon,2000,500,1,611.1677100285001,93.38288169433334,559.5006895160001,NA
news20,19996,1355191,3.3573628909834254e-4,33563.962997399496,1864.7490720775,2409.682284256,NA
rcv1,20242,47236,0.0015676936220516574,945.3895107115,577.4863752225,384.898705714,NA
