dataset,n,p,density,GapSafe,Hessian,Working,EDPP
arcene,100,10000,0.540941,10.528381687,7.97388218425,7.170976644,NA
colon-cancer,62,2000,1,0.4621127545,0.18585595649999997,0.3733086135,NA
duke-breast-cancer,44,7129,1,0.5195968135000001,0.19914373866666665,0.3813053125,NA
ijcnn1,35000,22,1,27.83691623125,9.837360658142856,27.4549069945,NA
madelon,2000,500,1,603.4971921690001,93.2550336045,570.5378322803333,NA
news20,19996,1355191,3.3573628909834254e-4,32770.026206737995,1759.50167984,2389.047113015,NA
rcv1,20242,47236,0.0015676936220516574,941.6991801644999,508.232231295,384.67753530749997,NA
