dataset,n,p,density,GapSafe,Hessian,Working,EDPP
cadata,20640,8,1,0.520426798,0.079961564,0.434457275,0.474156986
e2006-log1p,16087,4272227,0.0014074729668371701,2392.649581407,149.925915868,157.688809177,617.640570237
e2006-tfidf,16087,150360,0.00825643866543507,112.414946983,16.21907231,20.493988864000002,107.019676041
YearPredMSD,463715,90,1,36.320421943,16.173927399,27.231447938,27.943695197
