dataset,n,p,density,GapSafe,Hessian,Working,EDPP
cadata,20640,8,1,1.5381816405,0.176692213,1.329824116,1.3855183145
e2006-log1p,16087,4272227,0.0014074729668371701,13431.5814923405,266.75273333250004,263.3507419585,1041.7877094268572
e2006-tfidf,16087,150360,0.00825643866543507,564.699292401,29.599971368666665,67.85873382650001,334.7692076815
YearPredMSD,463715,90,1,218.284736296,51.327919211166666,167.603814102,145.266039255
