dataset,n,p,density,Blitz,Celer,Hessian,Working
arcene,100,10000,0.540941,5.70141826,2.7617863541818184,2.2070080355454547,2.009819274181818
colon-cancer,62,2000,1,0.30282720490909093,0.1775053291818182,0.09352881155555555,0.13395851472727272
duke-breast-cancer,44,7129,1,0.33703303063636364,0.23371033527272728,0.1434364029090909,0.14428224545454546
ijcnn1,35000,22,1,42.83553050090909,40.96025060254546,7.547046904090909,39.130419838363636
madelon,2000,500,1,499.54348909045456,337.51093470754546,55.92642534981818,301.2776243119091
