dataset,n,p,density,GapSafe,Hessian,Working,EDPP
arcene,100,10000,0.540941,4.300938882,2.853357505,2.203545267,NA
colon-cancer,62,2000,1,0.261814646,0.100472911,0.18499763400000002,NA
gisette,6000,5000,1,149.16706256,58.004918844,110.555950398,NA
ijcnn1,35000,22,1,20.788725465,5.738286784,18.007024172,NA
leukemia,38,7129,1,0.20656191499999998,0.115868899,0.11635274999999999,NA
madelon,2000,500,1,182.90772554199998,25.739117269,176.081302272,NA
news20,19996,1355191,3.3573628909834254e-4,7621.819329705,815.7334021290001,687.305773474,NA
rcv1,20242,47236,0.0015676936220516574,382.167642887,307.304291315,178.126834663,NA
