dataset,n,p,density,GapSafe,Hessian,Working,EDPP
arcene,100,10000,0.540941,10.583341314,7.987382489000001,7.272895309,NA
colon-cancer,62,2000,1,0.45885507400000003,0.188051039,0.362786549,NA
ijcnn1,35000,22,1,34.108740978,11.583654544,30.16050573,NA
leukemia,38,7129,1,244.377267507,94.212089673,79.28730603300001,NA
madelon,2000,500,1,617.23175498,91.609116797,569.7164496510001,NA
news20,19996,1355191,3.3573628909834254e-4,32659.176090989,1595.1225475350002,2275.343203783,NA
rcv1,20242,47236,0.0015676936220516574,944.747426732,437.138631628,387.128326287,NA
