dataset,n,p,density,Blitz,Celer,Hessian,Working
e2006-tfidf,16087,150360,0.00825643866543507,287.4686325632727,319.31391929863634,40.04496204054546,135.8614158188182
