dataset,n,p,density,GapSafe,Hessian,Working,EDPP
cadata,20640,8,1,1.8483124960000001,0.191279893,1.4849061399999999,1.448805973
e2006-log1p,16087,4272227,0.0014074729668371701,13232.767441364,223.158450297,202.89568579599998,821.1962375960001
e2006-tfidf,16087,150360,0.00825643866543507,563.5936708830001,28.825854234,66.178174911,331.100492376
YearPredMSD,463715,90,1,196.90643806399999,47.080949662,161.245436432,139.479263582
